order_id,user_id,session_id,order_date,product_id,product_name,quantity,total_revenue,final_revenue,profit,discount_pct,order_status
O00056,U0168,S00021,2025-01-26,P301,Dell Latitude 5440,2,170000,144500.0,24500.0,15,Completed
O00130,U0046,S00051,2025-01-17,P301,Dell Latitude 5440,2,170000,144500.0,24500.0,15,Cancelled
O00268,U0141,S00104,2025-01-22,P301,Dell Latitude 5440,1,85000,72250.0,12250.0,15,Completed
O00303,U0189,S00117,2025-01-24,P301,Dell Latitude 5440,1,85000,72250.0,12250.0,15,Completed
O00308,U0199,S00118,2025-01-24,P301,Dell Latitude 5440,2,170000,144500.0,24500.0,15,Completed
O00383,U0580,S00148,2025-01-22,P301,Dell Latitude 5440,2,170000,144500.0,24500.0,15,Completed
O00398,U0123,S00153,2025-01-08,P301,Dell Latitude 5440,1,85000,72250.0,12250.0,15,Completed
O00548,U0492,S00208,2025-01-20,P301,Dell Latitude 5440,1,85000,72250.0,12250.0,15,Completed
O00591,U0522,S00223,2025-01-26,P302,Dell Latitude 7440,1,125000,112500.0,22500.0,10,Completed
O00623,U0595,S00235,2025-01-22,P302,Dell Latitude 7440,1,125000,112500.0,22500.0,10,Completed
O00638,U0095,S00240,2025-01-01,P302,Dell Latitude 7440,1,125000,112500.0,22500.0,10,Completed
O00655,U0273,S00245,2025-01-05,P302,Dell Latitude 7440,1,125000,112500.0,22500.0,10,Completed
O00660,U0210,S00246,2025-01-19,P302,Dell Latitude 7440,1,125000,112500.0,22500.0,10,Completed
O00683,U0519,S00252,2025-01-25,P302,Dell Latitude 7440,1,125000,112500.0,22500.0,10,Completed
O00706,U0249,S00259,2025-01-19,P302,Dell Latitude 7440,1,125000,112500.0,22500.0,10,Completed
O00726,U0034,S00265,2025-01-03,P302,Dell Latitude 7440,1,125000,112500.0,22500.0,10,Cancelled
O00750,U0367,S00273,2025-01-17,P302,Dell Latitude 7440,1,125000,112500.0,22500.0,10,Completed
O00759,U0229,S00275,2025-01-05,P302,Dell Latitude 7440,1,125000,112500.0,22500.0,10,Completed
O00795,U0043,S00287,2025-01-02,P302,Dell Latitude 7440,1,125000,112500.0,22500.0,10,Completed
O00805,U0497,S00290,2025-01-12,P302,Dell Latitude 7440,1,125000,112500.0,22500.0,10,Completed
O00842,U0245,S00303,2025-01-14,P302,Dell Latitude 7440,1,125000,112500.0,22500.0,10,Completed
O00852,U0555,S00306,2025-01-20,P302,Dell Latitude 7440,1,125000,112500.0,22500.0,10,Completed
O00869,U0127,S00311,2025-01-26,P302,Dell Latitude 7440,1,125000,112500.0,22500.0,10,Completed
O00880,U0276,S00314,2025-01-23,P302,Dell Latitude 7440,1,125000,112500.0,22500.0,10,Completed
O00887,U0525,S00316,2025-01-18,P302,Dell Latitude 7440,2,250000,225000.0,45000.0,10,Completed
O00898,U0200,S00319,2025-01-16,P302,Dell Latitude 7440,2,250000,225000.0,45000.0,10,Completed
O00913,U0365,S00323,2025-01-14,P302,Dell Latitude 7440,2,250000,225000.0,45000.0,10,Completed
O00939,U0387,S00333,2025-01-14,P302,Dell Latitude 7440,2,250000,225000.0,45000.0,10,Completed
O01035,U0180,S00366,2025-02-15,P301,Dell Latitude 5440,2,170000,144500.0,24500.0,15,Cancelled
O01100,U0469,S00390,2025-02-09,P301,Dell Latitude 5440,2,170000,144500.0,24500.0,15,Completed
O01294,U0172,S00467,2025-02-12,P301,Dell Latitude 5440,1,85000,72250.0,12250.0,15,Completed
O01395,U0135,S00507,2025-02-14,P301,Dell Latitude 5440,1,85000,72250.0,12250.0,15,Completed
O01591,U0400,S00582,2025-02-15,P302,Dell Latitude 7440,1,125000,112500.0,22500.0,10,Completed
O01610,U0521,S00589,2025-02-16,P302,Dell Latitude 7440,2,250000,225000.0,45000.0,10,Completed
O01615,U0448,S00590,2025-02-03,P302,Dell Latitude 7440,2,250000,225000.0,45000.0,10,Completed
O01627,U0437,S00593,2025-02-14,P302,Dell Latitude 7440,1,125000,112500.0,22500.0,10,Completed
O01640,U0048,S00597,2025-02-10,P302,Dell Latitude 7440,1,125000,112500.0,22500.0,10,Failed
O01667,U0279,S00605,2025-02-06,P302,Dell Latitude 7440,1,125000,112500.0,22500.0,10,Completed
O01685,U0376,S00611,2025-02-03,P302,Dell Latitude 7440,2,250000,225000.0,45000.0,10,Completed
O01693,U0294,S00613,2025-02-16,P302,Dell Latitude 7440,2,250000,225000.0,45000.0,10,Completed
O01724,U0257,S00624,2025-02-13,P302,Dell Latitude 7440,1,125000,112500.0,22500.0,10,Completed
O01732,U0568,S00626,2025-02-16,P302,Dell Latitude 7440,2,250000,225000.0,45000.0,10,Completed
O01737,U0172,S00627,2025-02-08,P302,Dell Latitude 7440,1,125000,112500.0,22500.0,10,Completed
O01758,U0010,S00634,2025-01-31,P302,Dell Latitude 7440,2,250000,225000.0,45000.0,10,Failed
O01765,U0386,S00636,2025-02-12,P302,Dell Latitude 7440,2,250000,225000.0,45000.0,10,Completed
O01778,U0324,S00639,2025-02-23,P302,Dell Latitude 7440,2,250000,225000.0,45000.0,10,Completed
O01786,U0182,S00641,2025-02-05,P302,Dell Latitude 7440,2,250000,225000.0,45000.0,10,Completed
O01830,U0237,S00656,2025-02-21,P302,Dell Latitude 7440,2,250000,225000.0,45000.0,10,Completed
O01846,U0194,S00661,2025-02-24,P302,Dell Latitude 7440,1,125000,112500.0,22500.0,10,Completed
O01858,U0253,S00664,2025-02-11,P302,Dell Latitude 7440,1,125000,112500.0,22500.0,10,Completed
O01887,U0536,S00674,2025-02-04,P302,Dell Latitude 7440,1,125000,112500.0,22500.0,10,Completed
O01905,U0253,S00679,2025-02-10,P302,Dell Latitude 7440,1,125000,112500.0,22500.0,10,Completed
O01938,U0116,S00689,2025-02-24,P302,Dell Latitude 7440,1,125000,112500.0,22500.0,10,Completed
O01959,U0315,S00696,2025-02-03,P302,Dell Latitude 7440,1,125000,112500.0,22500.0,10,Completed
O02009,U0595,S00713,2025-02-21,P302,Dell Latitude 7440,1,125000,112500.0,22500.0,10,Completed
O02140,U0145,S00763,2025-03-06,P301,Dell Latitude 5440,2,170000,144500.0,24500.0,15,Failed
O02154,U0219,S00768,2025-03-15,P301,Dell Latitude 5440,2,170000,144500.0,24500.0,15,Completed
O02238,U0289,S00804,2025-03-13,P301,Dell Latitude 5440,1,85000,72250.0,12250.0,15,Completed
O02321,U0185,S00834,2025-03-17,P301,Dell Latitude 5440,1,85000,72250.0,12250.0,15,Completed
O02353,U0048,S00845,2025-03-15,P301,Dell Latitude 5440,1,85000,72250.0,12250.0,15,Completed
O02392,U0468,S00860,2025-03-19,P301,Dell Latitude 5440,1,85000,72250.0,12250.0,15,Completed
O02404,U0460,S00864,2025-03-06,P301,Dell Latitude 5440,1,85000,72250.0,12250.0,15,Completed
O02549,U0557,S00924,2025-03-26,P301,Dell Latitude 5440,2,170000,144500.0,24500.0,15,Completed
O02577,U0286,S00935,2025-03-25,P301,Dell Latitude 5440,1,85000,72250.0,12250.0,15,Completed
O02616,U0105,S00948,2025-03-03,P302,Dell Latitude 7440,1,125000,112500.0,22500.0,10,Completed
O02627,U0539,S00951,2025-03-23,P302,Dell Latitude 7440,1,125000,112500.0,22500.0,10,Completed
O02637,U0447,S00954,2025-03-13,P302,Dell Latitude 7440,1,125000,112500.0,22500.0,10,Completed
O02652,U0337,S00958,2025-03-14,P302,Dell Latitude 7440,2,250000,225000.0,45000.0,10,Completed
O02665,U0250,S00962,2025-03-21,P302,Dell Latitude 7440,2,250000,225000.0,45000.0,10,Completed
O02670,U0035,S00963,2025-03-27,P302,Dell Latitude 7440,2,250000,225000.0,45000.0,10,Completed
O02691,U0585,S00970,2025-03-15,P302,Dell Latitude 7440,1,125000,112500.0,22500.0,10,Completed
O02696,U0367,S00971,2025-03-09,P302,Dell Latitude 7440,1,125000,112500.0,22500.0,10,Completed
O02703,U0079,S00973,2025-03-07,P302,Dell Latitude 7440,2,250000,225000.0,45000.0,10,Failed
O02773,U0445,S00997,2025-03-03,P302,Dell Latitude 7440,1,125000,112500.0,22500.0,10,Completed
O02781,U0507,S00999,2025-03-17,P302,Dell Latitude 7440,1,125000,112500.0,22500.0,10,Completed
O02790,U0491,S01002,2025-03-02,P302,Dell Latitude 7440,2,250000,225000.0,45000.0,10,Completed
O02812,U0405,S01009,2025-03-06,P302,Dell Latitude 7440,2,250000,225000.0,45000.0,10,Completed
O02832,U0553,S01016,2025-03-19,P302,Dell Latitude 7440,2,250000,225000.0,45000.0,10,Completed
O02839,U0482,S01018,2025-03-20,P302,Dell Latitude 7440,1,125000,112500.0,22500.0,10,Completed
O02853,U0092,S01022,2025-03-02,P302,Dell Latitude 7440,1,125000,112500.0,22500.0,10,Completed
O02864,U0544,S01025,2025-03-14,P302,Dell Latitude 7440,2,250000,225000.0,45000.0,10,Completed
O02871,U0120,S01027,2025-03-21,P302,Dell Latitude 7440,2,250000,225000.0,45000.0,10,Cancelled
O02885,U0115,S01031,2025-03-18,P302,Dell Latitude 7440,1,125000,112500.0,22500.0,10,Completed
O02893,U0502,S01033,2025-03-03,P302,Dell Latitude 7440,1,125000,112500.0,22500.0,10,Completed
O02924,U0025,S01043,2025-03-15,P302,Dell Latitude 7440,2,250000,225000.0,45000.0,10,Completed
O02944,U0418,S01048,2025-03-19,P302,Dell Latitude 7440,1,125000,112500.0,22500.0,10,Completed
O02966,U0049,S01055,2025-03-17,P302,Dell Latitude 7440,2,250000,225000.0,45000.0,10,Completed
O02990,U0554,S01063,2025-03-17,P302,Dell Latitude 7440,2,250000,225000.0,45000.0,10,Completed
O03024,U0463,S01074,2025-03-04,P302,Dell Latitude 7440,1,125000,112500.0,22500.0,10,Completed
O03070,U0211,S01092,2025-04-04,P301,Dell Latitude 5440,2,170000,144500.0,24500.0,15,Completed
O03075,U0352,S01093,2025-04-12,P301,Dell Latitude 5440,1,85000,72250.0,12250.0,15,Completed
O03117,U0534,S01111,2025-04-03,P301,Dell Latitude 5440,1,85000,72250.0,12250.0,15,Completed
O03285,U0549,S01172,2025-04-01,P301,Dell Latitude 5440,1,85000,72250.0,12250.0,15,Completed
O03332,U0465,S01188,2025-04-12,P301,Dell Latitude 5440,2,170000,144500.0,24500.0,15,Completed
O03386,U0127,S01209,2025-04-15,P301,Dell Latitude 5440,2,170000,144500.0,24500.0,15,Completed
O03474,U0472,S01240,2025-04-06,P301,Dell Latitude 5440,1,85000,72250.0,12250.0,15,Completed
O03514,U0319,S01254,2025-04-20,P301,Dell Latitude 5440,2,170000,144500.0,24500.0,15,Completed
O03522,U0563,S01256,2025-04-26,P301,Dell Latitude 5440,2,170000,144500.0,24500.0,15,Completed
O03640,U0148,S01300,2025-04-04,P301,Dell Latitude 5440,2,170000,144500.0,24500.0,15,Completed
O03657,U0328,S01306,2025-04-26,P302,Dell Latitude 7440,2,250000,225000.0,45000.0,10,Cancelled
O03670,U0342,S01310,2025-04-05,P302,Dell Latitude 7440,1,125000,112500.0,22500.0,10,Completed
O03699,U0130,S01319,2025-04-23,P302,Dell Latitude 7440,1,125000,112500.0,22500.0,10,Completed
O03734,U0214,S01332,2025-04-10,P302,Dell Latitude 7440,2,250000,225000.0,45000.0,10,Completed
O03778,U0272,S01346,2025-04-21,P302,Dell Latitude 7440,1,125000,112500.0,22500.0,10,Completed
O03783,U0042,S01347,2025-04-08,P302,Dell Latitude 7440,1,125000,112500.0,22500.0,10,Completed
O03788,U0386,S01348,2025-04-25,P302,Dell Latitude 7440,1,125000,112500.0,22500.0,10,Completed
O03821,U0136,S01359,2025-04-16,P302,Dell Latitude 7440,1,125000,112500.0,22500.0,10,Completed
O03833,U0174,S01363,2025-04-25,P302,Dell Latitude 7440,2,250000,225000.0,45000.0,10,Completed
O03848,U0267,S01368,2025-04-16,P302,Dell Latitude 7440,2,250000,225000.0,45000.0,10,Completed
O03853,U0188,S01369,2025-04-06,P302,Dell Latitude 7440,2,250000,225000.0,45000.0,10,Completed
O03858,U0427,S01370,2025-04-01,P302,Dell Latitude 7440,1,125000,112500.0,22500.0,10,Completed
O03867,U0001,S01373,2025-04-01,P302,Dell Latitude 7440,1,125000,112500.0,22500.0,10,Completed
O03881,U0219,S01377,2025-04-05,P302,Dell Latitude 7440,1,125000,112500.0,22500.0,10,Completed
O03886,U0212,S01378,2025-04-24,P302,Dell Latitude 7440,1,125000,112500.0,22500.0,10,Completed
O03925,U0468,S01390,2025-04-12,P302,Dell Latitude 7440,1,125000,112500.0,22500.0,10,Completed
O03988,U0194,S01410,2025-04-14,P302,Dell Latitude 7440,2,250000,225000.0,45000.0,10,Completed
O04017,U0478,S01419,2025-04-04,P302,Dell Latitude 7440,1,125000,112500.0,22500.0,10,Completed
O04035,U0285,S01424,2025-04-05,P302,Dell Latitude 7440,1,125000,112500.0,22500.0,10,Completed
O04046,U0555,S01427,2025-04-04,P302,Dell Latitude 7440,1,125000,112500.0,22500.0,10,Completed
O04056,U0499,S01430,2025-04-13,P302,Dell Latitude 7440,1,125000,112500.0,22500.0,10,Completed
O04063,U0321,S01432,2025-04-26,P302,Dell Latitude 7440,2,250000,225000.0,45000.0,10,Cancelled
O04079,U0010,S01437,2025-04-03,P302,Dell Latitude 7440,1,125000,112500.0,22500.0,10,Cancelled
O04086,U0497,S01439,2025-04-24,P302,Dell Latitude 7440,1,125000,112500.0,22500.0,10,Completed
O04109,U0564,S01447,2025-05-07,P301,Dell Latitude 5440,2,170000,144500.0,24500.0,15,Completed
O04120,U0391,S01451,2025-05-19,P301,Dell Latitude 5440,1,85000,72250.0,12250.0,15,Completed
O04152,U0367,S01462,2025-05-10,P301,Dell Latitude 5440,2,170000,144500.0,24500.0,15,Completed
O04183,U0552,S01473,2025-05-13,P301,Dell Latitude 5440,1,85000,72250.0,12250.0,15,Completed
O04269,U0380,S01508,2025-05-17,P301,Dell Latitude 5440,2,170000,144500.0,24500.0,15,Completed
O04300,U0586,S01518,2025-05-04,P301,Dell Latitude 5440,2,170000,144500.0,24500.0,15,Completed
O04321,U0213,S01526,2025-05-07,P301,Dell Latitude 5440,2,170000,144500.0,24500.0,15,Completed
O04326,U0426,S01527,2025-05-01,P301,Dell Latitude 5440,2,170000,144500.0,24500.0,15,Completed
O04467,U0159,S01581,2025-05-23,P301,Dell Latitude 5440,1,85000,72250.0,12250.0,15,Completed
O04523,U0175,S01604,2025-05-01,P301,Dell Latitude 5440,2,170000,144500.0,24500.0,15,Completed
O04591,U0473,S01629,2025-05-22,P301,Dell Latitude 5440,2,170000,144500.0,24500.0,15,Completed
O04679,U0521,S01664,2025-05-09,P302,Dell Latitude 7440,2,250000,225000.0,45000.0,10,Completed
O04690,U0154,S01667,2025-05-20,P302,Dell Latitude 7440,2,250000,225000.0,45000.0,10,Completed
O04706,U0005,S01672,2025-05-15,P302,Dell Latitude 7440,2,250000,225000.0,45000.0,10,Completed
O04715,U0562,S01674,2025-05-01,P302,Dell Latitude 7440,1,125000,112500.0,22500.0,10,Cancelled
O04729,U0164,S01679,2025-05-25,P302,Dell Latitude 7440,2,250000,225000.0,45000.0,10,Completed
O04737,U0014,S01681,2025-05-17,P302,Dell Latitude 7440,2,250000,225000.0,45000.0,10,Completed
O04744,U0166,S01683,2025-05-01,P302,Dell Latitude 7440,1,125000,112500.0,22500.0,10,Completed
O04749,U0252,S01684,2025-05-13,P302,Dell Latitude 7440,2,250000,225000.0,45000.0,10,Failed
O04787,U0243,S01695,2025-05-15,P302,Dell Latitude 7440,1,125000,112500.0,22500.0,10,Completed
O04801,U0002,S01700,2025-05-20,P302,Dell Latitude 7440,1,125000,112500.0,22500.0,10,Completed
O04876,U0548,S01726,2025-05-04,P302,Dell Latitude 7440,1,125000,112500.0,22500.0,10,Completed
O04884,U0150,S01728,2025-05-20,P302,Dell Latitude 7440,1,125000,112500.0,22500.0,10,Completed
O04937,U0103,S01745,2025-05-18,P302,Dell Latitude 7440,1,125000,112500.0,22500.0,10,Completed
O04949,U0336,S01749,2025-05-01,P302,Dell Latitude 7440,2,250000,225000.0,45000.0,10,Completed
O04954,U0220,S01750,2025-05-14,P302,Dell Latitude 7440,1,125000,112500.0,22500.0,10,Completed
O04986,U0476,S01760,2025-05-09,P302,Dell Latitude 7440,1,125000,112500.0,22500.0,10,Completed
O04995,U0456,S01763,2025-05-10,P302,Dell Latitude 7440,1,125000,112500.0,22500.0,10,Completed
O05005,U0551,S01766,2025-05-12,P302,Dell Latitude 7440,2,250000,225000.0,45000.0,10,Completed
O05010,U0011,S01767,2025-05-19,P302,Dell Latitude 7440,2,250000,225000.0,45000.0,10,Completed
O05015,U0296,S01768,2025-05-19,P302,Dell Latitude 7440,2,250000,225000.0,45000.0,10,Completed
O05029,U0064,S01772,2025-05-17,P302,Dell Latitude 7440,1,125000,112500.0,22500.0,10,Completed
O05037,U0206,S01774,2025-05-04,P302,Dell Latitude 7440,1,125000,112500.0,22500.0,10,Completed
O05055,U0057,S01780,2025-05-16,P302,Dell Latitude 7440,2,250000,225000.0,45000.0,10,Completed
O05071,U0315,S01785,2025-05-18,P302,Dell Latitude 7440,2,250000,225000.0,45000.0,10,Completed
O05086,U0259,S01789,2025-05-11,P302,Dell Latitude 7440,1,125000,112500.0,22500.0,10,Completed
O05126,U0466,S01803,2025-06-22,P301,Dell Latitude 5440,1,85000,72250.0,12250.0,15,Completed
O05150,U0384,S01812,2025-06-22,P301,Dell Latitude 5440,1,85000,72250.0,12250.0,15,Completed
O05214,U0059,S01836,2025-06-09,P301,Dell Latitude 5440,1,85000,72250.0,12250.0,15,Completed
O05248,U0328,S01849,2025-06-13,P301,Dell Latitude 5440,2,170000,144500.0,24500.0,15,Completed
O05327,U0517,S01877,2025-05-31,P301,Dell Latitude 5440,1,85000,72250.0,12250.0,15,Completed
O05382,U0468,S01899,2025-06-05,P301,Dell Latitude 5440,2,170000,144500.0,24500.0,15,Completed
O05605,U0311,S01982,2025-06-07,P301,Dell Latitude 5440,1,85000,72250.0,12250.0,15,Completed
O05684,U0158,S02014,2025-06-05,P301,Dell Latitude 5440,1,85000,72250.0,12250.0,15,Completed
O05716,U0380,S02026,2025-06-24,P302,Dell Latitude 7440,1,125000,112500.0,22500.0,10,Completed
O05723,U0275,S02028,2025-06-07,P302,Dell Latitude 7440,2,250000,225000.0,45000.0,10,Completed
O05732,U0111,S02030,2025-06-21,P302,Dell Latitude 7440,1,125000,112500.0,22500.0,10,Failed
O05750,U0423,S02036,2025-06-19,P302,Dell Latitude 7440,2,250000,225000.0,45000.0,10,Completed
O05771,U0466,S02043,2025-06-08,P302,Dell Latitude 7440,2,250000,225000.0,45000.0,10,Completed
O05804,U0050,S02054,2025-06-24,P302,Dell Latitude 7440,2,250000,225000.0,45000.0,10,Completed
O05818,U0231,S02058,2025-06-17,P302,Dell Latitude 7440,2,250000,225000.0,45000.0,10,Completed
O05869,U0370,S02076,2025-06-06,P302,Dell Latitude 7440,2,250000,225000.0,45000.0,10,Completed
O05892,U0239,S02084,2025-06-15,P302,Dell Latitude 7440,2,250000,225000.0,45000.0,10,Completed
O05924,U0396,S02095,2025-06-21,P302,Dell Latitude 7440,1,125000,112500.0,22500.0,10,Completed
O05934,U0199,S02098,2025-06-18,P302,Dell Latitude 7440,1,125000,112500.0,22500.0,10,Completed
O05939,U0353,S02099,2025-06-09,P302,Dell Latitude 7440,1,125000,112500.0,22500.0,10,Completed
O05961,U0096,S02105,2025-06-02,P302,Dell Latitude 7440,2,250000,225000.0,45000.0,10,Completed
O05980,U0102,S02111,2025-06-15,P302,Dell Latitude 7440,2,250000,225000.0,45000.0,10,Completed
O05985,U0434,S02112,2025-06-07,P302,Dell Latitude 7440,1,125000,112500.0,22500.0,10,Completed
O05990,U0425,S02113,2025-06-08,P302,Dell Latitude 7440,2,250000,225000.0,45000.0,10,Completed
O06001,U0361,S02116,2025-06-05,P302,Dell Latitude 7440,2,250000,225000.0,45000.0,10,Completed
O06015,U0261,S02120,2025-06-07,P302,Dell Latitude 7440,2,250000,225000.0,45000.0,10,Completed
O06020,U0103,S02121,2025-06-19,P302,Dell Latitude 7440,1,125000,112500.0,22500.0,10,Completed
O06054,U0153,S02133,2025-06-13,P302,Dell Latitude 7440,2,250000,225000.0,45000.0,10,Completed
O06072,U0064,S02138,2025-06-16,P302,Dell Latitude 7440,2,250000,225000.0,45000.0,10,Completed
O06084,U0038,S02141,2025-06-25,P302,Dell Latitude 7440,1,125000,112500.0,22500.0,10,Completed
O06103,U0355,S02147,2025-06-04,P302,Dell Latitude 7440,1,125000,112500.0,22500.0,10,Completed
O06117,U0388,S02151,2025-06-03,P302,Dell Latitude 7440,2,250000,225000.0,45000.0,10,Completed
O06133,U0214,S02156,2025-06-19,P302,Dell Latitude 7440,1,125000,112500.0,22500.0,10,Completed
O06157,U0310,S02164,2025-07-14,P301,Dell Latitude 5440,1,85000,72250.0,12250.0,15,Completed
O06274,U0299,S02210,2025-06-30,P301,Dell Latitude 5440,1,85000,72250.0,12250.0,15,Completed
O06284,U0594,S02213,2025-07-06,P301,Dell Latitude 5440,2,170000,144500.0,24500.0,15,Completed
O06452,U0135,S02276,2025-07-13,P301,Dell Latitude 5440,2,170000,144500.0,24500.0,15,Completed
O06472,U0283,S02283,2025-07-22,P301,Dell Latitude 5440,2,170000,144500.0,24500.0,15,Failed
O06495,U0311,S02291,2025-07-25,P301,Dell Latitude 5440,2,170000,144500.0,24500.0,15,Completed
O06522,U0214,S02300,2025-07-03,P301,Dell Latitude 5440,2,170000,144500.0,24500.0,15,Completed
O06533,U0122,S02304,2025-07-06,P302,Dell Latitude 7440,2,250000,225000.0,45000.0,10,Completed
O06552,U0453,S02311,2025-07-16,P302,Dell Latitude 7440,2,250000,225000.0,45000.0,10,Completed
O06559,U0303,S02313,2025-07-24,P302,Dell Latitude 7440,2,250000,225000.0,45000.0,10,Completed
O06579,U0120,S02319,2025-07-18,P302,Dell Latitude 7440,1,125000,112500.0,22500.0,10,Cancelled
O06608,U0134,S02328,2025-07-20,P302,Dell Latitude 7440,2,250000,225000.0,45000.0,10,Completed
O06619,U0537,S02331,2025-07-18,P302,Dell Latitude 7440,1,125000,112500.0,22500.0,10,Completed
O06635,U0523,S02335,2025-07-05,P302,Dell Latitude 7440,2,250000,225000.0,45000.0,10,Cancelled
O06643,U0421,S02337,2025-07-12,P302,Dell Latitude 7440,1,125000,112500.0,22500.0,10,Completed
O06653,U0132,S02340,2025-07-19,P302,Dell Latitude 7440,1,125000,112500.0,22500.0,10,Completed
O06674,U0491,S02346,2025-07-12,P302,Dell Latitude 7440,2,250000,225000.0,45000.0,10,Completed
O06679,U0313,S02347,2025-07-08,P302,Dell Latitude 7440,2,250000,225000.0,45000.0,10,Completed
O06724,U0335,S02364,2025-07-03,P302,Dell Latitude 7440,2,250000,225000.0,45000.0,10,Completed
O06744,U0100,S02370,2025-07-13,P302,Dell Latitude 7440,2,250000,225000.0,45000.0,10,Completed
O06749,U0332,S02371,2025-07-06,P302,Dell Latitude 7440,2,250000,225000.0,45000.0,10,Completed
O06754,U0225,S02372,2025-07-06,P302,Dell Latitude 7440,2,250000,225000.0,45000.0,10,Completed
O06768,U0379,S02377,2025-07-23,P302,Dell Latitude 7440,2,250000,225000.0,45000.0,10,Cancelled
O06792,U0397,S02385,2025-07-22,P302,Dell Latitude 7440,1,125000,112500.0,22500.0,10,Completed
O06806,U0402,S02390,2025-07-16,P302,Dell Latitude 7440,2,250000,225000.0,45000.0,10,Completed
O06818,U0279,S02393,2025-07-12,P302,Dell Latitude 7440,1,125000,112500.0,22500.0,10,Completed
O06901,U0069,S02423,2025-07-23,P302,Dell Latitude 7440,1,125000,112500.0,22500.0,10,Failed
O06912,U0273,S02427,2025-07-01,P302,Dell Latitude 7440,2,250000,225000.0,45000.0,10,Completed
O06926,U0134,S02431,2025-07-07,P302,Dell Latitude 7440,2,250000,225000.0,45000.0,10,Completed
O06966,U0465,S02444,2025-07-24,P302,Dell Latitude 7440,2,250000,225000.0,45000.0,10,Completed
O06982,U0013,S02449,2025-07-20,P302,Dell Latitude 7440,2,250000,225000.0,45000.0,10,Completed
O07012,U0244,S02459,2025-07-08,P302,Dell Latitude 7440,1,125000,112500.0,22500.0,10,Completed
O07017,U0438,S02460,2025-07-12,P302,Dell Latitude 7440,2,250000,225000.0,45000.0,10,Completed
O07026,U0274,S02462,2025-06-30,P302,Dell Latitude 7440,1,125000,112500.0,22500.0,10,Completed
O07062,U0368,S02473,2025-07-04,P302,Dell Latitude 7440,2,250000,225000.0,45000.0,10,Completed
O07070,U0392,S02475,2025-07-16,P302,Dell Latitude 7440,2,250000,225000.0,45000.0,10,Cancelled
O07112,U0188,S02489,2025-07-07,P302,Dell Latitude 7440,2,250000,225000.0,45000.0,10,Completed
O07117,U0382,S02490,2025-06-30,P302,Dell Latitude 7440,1,125000,112500.0,22500.0,10,Cancelled
O07124,U0394,S02492,2025-07-17,P302,Dell Latitude 7440,2,250000,225000.0,45000.0,10,Completed
O07162,U0309,S02504,2025-07-05,P302,Dell Latitude 7440,1,125000,112500.0,22500.0,10,Completed
O07191,U0599,S02514,2025-07-07,P302,Dell Latitude 7440,2,250000,225000.0,45000.0,10,Completed
O07265,U0070,S02540,2025-08-05,P301,Dell Latitude 5440,1,85000,72250.0,12250.0,15,Completed
O07339,U0020,S02570,2025-08-18,P301,Dell Latitude 5440,2,170000,144500.0,24500.0,15,Completed
O07493,U0278,S02627,2025-08-04,P301,Dell Latitude 5440,1,85000,72250.0,12250.0,15,Completed
O07505,U0421,S02630,2025-08-05,P301,Dell Latitude 5440,2,170000,144500.0,24500.0,15,Completed
O07594,U0326,S02664,2025-08-06,P302,Dell Latitude 7440,1,125000,112500.0,22500.0,10,Completed
O07622,U0249,S02674,2025-08-04,P302,Dell Latitude 7440,1,125000,112500.0,22500.0,10,Completed
O07705,U0020,S02702,2025-07-31,P302,Dell Latitude 7440,2,250000,225000.0,45000.0,10,Completed
O07716,U0136,S02705,2025-08-20,P302,Dell Latitude 7440,2,250000,225000.0,45000.0,10,Cancelled
O07748,U0599,S02714,2025-08-10,P302,Dell Latitude 7440,1,125000,112500.0,22500.0,10,Completed
O07768,U0568,S02720,2025-08-20,P302,Dell Latitude 7440,1,125000,112500.0,22500.0,10,Completed
O07786,U0386,S02725,2025-08-17,P302,Dell Latitude 7440,2,250000,225000.0,45000.0,10,Completed
O07797,U0573,S02728,2025-08-23,P302,Dell Latitude 7440,1,125000,112500.0,22500.0,10,Completed
O07827,U0108,S02737,2025-08-17,P302,Dell Latitude 7440,1,125000,112500.0,22500.0,10,Cancelled
O07832,U0527,S02738,2025-08-19,P302,Dell Latitude 7440,1,125000,112500.0,22500.0,10,Completed
O07839,U0345,S02740,2025-08-20,P302,Dell Latitude 7440,2,250000,225000.0,45000.0,10,Completed
O07846,U0200,S02742,2025-08-20,P302,Dell Latitude 7440,1,125000,112500.0,22500.0,10,Failed
O07881,U0180,S02754,2025-07-31,P302,Dell Latitude 7440,1,125000,112500.0,22500.0,10,Completed
O07894,U0554,S02758,2025-08-04,P302,Dell Latitude 7440,2,250000,225000.0,45000.0,10,Completed
O07907,U0004,S02762,2025-08-06,P302,Dell Latitude 7440,2,250000,225000.0,45000.0,10,Completed
O07935,U0519,S02770,2025-08-04,P302,Dell Latitude 7440,2,250000,225000.0,45000.0,10,Completed
O07950,U0148,S02774,2025-08-03,P302,Dell Latitude 7440,2,250000,225000.0,45000.0,10,Completed
O07965,U0036,S02780,2025-08-21,P302,Dell Latitude 7440,1,125000,112500.0,22500.0,10,Cancelled
O07982,U0100,S02785,2025-08-02,P302,Dell Latitude 7440,2,250000,225000.0,45000.0,10,Completed
O08020,U0251,S02798,2025-08-10,P302,Dell Latitude 7440,1,125000,112500.0,22500.0,10,Completed
O08037,U0461,S02804,2025-08-17,P302,Dell Latitude 7440,1,125000,112500.0,22500.0,10,Completed
O08042,U0526,S02805,2025-08-07,P302,Dell Latitude 7440,1,125000,112500.0,22500.0,10,Completed
O08058,U0358,S02809,2025-08-18,P302,Dell Latitude 7440,2,250000,225000.0,45000.0,10,Completed
O08066,U0593,S02811,2025-08-06,P302,Dell Latitude 7440,2,250000,225000.0,45000.0,10,Completed
O08071,U0272,S02812,2025-08-16,P302,Dell Latitude 7440,2,250000,225000.0,45000.0,10,Completed
O08076,U0532,S02813,2025-08-23,P302,Dell Latitude 7440,1,125000,112500.0,22500.0,10,Completed
O08126,U0115,S02830,2025-08-06,P302,Dell Latitude 7440,1,125000,112500.0,22500.0,10,Completed
O08136,U0025,S02833,2025-08-19,P302,Dell Latitude 7440,1,125000,112500.0,22500.0,10,Completed
O08152,U0192,S02839,2025-08-07,P302,Dell Latitude 7440,2,250000,225000.0,45000.0,10,Completed
O08166,U0059,S02844,2025-07-31,P302,Dell Latitude 7440,2,250000,225000.0,45000.0,10,Completed
O08171,U0175,S02845,2025-08-12,P302,Dell Latitude 7440,1,125000,112500.0,22500.0,10,Completed
O08197,U0501,S02853,2025-08-04,P302,Dell Latitude 7440,1,125000,112500.0,22500.0,10,Completed
O08223,U0339,S02862,2025-08-11,P302,Dell Latitude 7440,2,250000,225000.0,45000.0,10,Completed
O08234,U0070,S02866,2025-07-31,P302,Dell Latitude 7440,2,250000,225000.0,45000.0,10,Completed
O08241,U0541,S02868,2025-08-09,P302,Dell Latitude 7440,2,250000,225000.0,45000.0,10,Completed
O08253,U0417,S02871,2025-08-10,P302,Dell Latitude 7440,2,250000,225000.0,45000.0,10,Cancelled
O08279,U0459,S02879,2025-08-19,P302,Dell Latitude 7440,2,250000,225000.0,45000.0,10,Completed
O08289,U0179,S02882,2025-08-30,P301,Dell Latitude 5440,2,170000,144500.0,24500.0,15,Completed
O08385,U0111,S02919,2025-09-09,P301,Dell Latitude 5440,2,170000,144500.0,24500.0,15,Completed
O08390,U0400,S02920,2025-09-13,P301,Dell Latitude 5440,2,170000,144500.0,24500.0,15,Completed
O08405,U0275,S02925,2025-09-20,P301,Dell Latitude 5440,2,170000,144500.0,24500.0,15,Completed
O08439,U0174,S02936,2025-09-13,P301,Dell Latitude 5440,2,170000,144500.0,24500.0,15,Completed
O08444,U0134,S02937,2025-09-22,P301,Dell Latitude 5440,2,170000,144500.0,24500.0,15,Completed
O08502,U0201,S02960,2025-09-06,P301,Dell Latitude 5440,2,170000,144500.0,24500.0,15,Completed
O08561,U0544,S02984,2025-09-19,P301,Dell Latitude 5440,2,170000,144500.0,24500.0,15,Completed
O08595,U0521,S02996,2025-09-05,P301,Dell Latitude 5440,2,170000,144500.0,24500.0,15,Completed
O08667,U0445,S03023,2025-09-04,P302,Dell Latitude 7440,2,250000,225000.0,45000.0,10,Completed
O08672,U0447,S03024,2025-09-16,P302,Dell Latitude 7440,2,250000,225000.0,45000.0,10,Cancelled
O08688,U0468,S03028,2025-09-17,P302,Dell Latitude 7440,1,125000,112500.0,22500.0,10,Failed
O08693,U0094,S03029,2025-09-02,P302,Dell Latitude 7440,1,125000,112500.0,22500.0,10,Completed
O08740,U0482,S03045,2025-08-31,P302,Dell Latitude 7440,2,250000,225000.0,45000.0,10,Completed
O08750,U0466,S03048,2025-09-08,P302,Dell Latitude 7440,2,250000,225000.0,45000.0,10,Completed
O08755,U0248,S03049,2025-09-02,P302,Dell Latitude 7440,2,250000,225000.0,45000.0,10,Cancelled
O08764,U0363,S03051,2025-09-01,P302,Dell Latitude 7440,1,125000,112500.0,22500.0,10,Failed
O08779,U0142,S03055,2025-09-03,P302,Dell Latitude 7440,2,250000,225000.0,45000.0,10,Completed
O08787,U0337,S03057,2025-09-02,P302,Dell Latitude 7440,2,250000,225000.0,45000.0,10,Completed
O08801,U0350,S03061,2025-09-19,P302,Dell Latitude 7440,2,250000,225000.0,45000.0,10,Completed
O08838,U0268,S03074,2025-09-01,P302,Dell Latitude 7440,2,250000,225000.0,45000.0,10,Completed
O08862,U0102,S03083,2025-09-19,P302,Dell Latitude 7440,2,250000,225000.0,45000.0,10,Completed
O08871,U0142,S03085,2025-09-05,P302,Dell Latitude 7440,1,125000,112500.0,22500.0,10,Completed
O08879,U0410,S03087,2025-09-18,P302,Dell Latitude 7440,1,125000,112500.0,22500.0,10,Completed
O08887,U0211,S03089,2025-09-10,P302,Dell Latitude 7440,1,125000,112500.0,22500.0,10,Completed
O08892,U0299,S03090,2025-09-23,P302,Dell Latitude 7440,1,125000,112500.0,22500.0,10,Completed
O08915,U0323,S03097,2025-09-17,P302,Dell Latitude 7440,2,250000,225000.0,45000.0,10,Completed
O08931,U0152,S03102,2025-09-04,P302,Dell Latitude 7440,2,250000,225000.0,45000.0,10,Completed
O08936,U0232,S03103,2025-09-19,P302,Dell Latitude 7440,2,250000,225000.0,45000.0,10,Completed
O08943,U0573,S03105,2025-09-06,P302,Dell Latitude 7440,1,125000,112500.0,22500.0,10,Completed
O08952,U0444,S03107,2025-09-16,P302,Dell Latitude 7440,2,250000,225000.0,45000.0,10,Completed
O08965,U0496,S03111,2025-09-12,P302,Dell Latitude 7440,2,250000,225000.0,45000.0,10,Completed
O08970,U0042,S03112,2025-08-30,P302,Dell Latitude 7440,2,250000,225000.0,45000.0,10,Completed
O08981,U0400,S03115,2025-09-16,P302,Dell Latitude 7440,2,250000,225000.0,45000.0,10,Completed
O09022,U0450,S03128,2025-09-05,P302,Dell Latitude 7440,2,250000,225000.0,45000.0,10,Failed
O09040,U0398,S03133,2025-09-15,P302,Dell Latitude 7440,1,125000,112500.0,22500.0,10,Cancelled
O09045,U0415,S03134,2025-09-21,P302,Dell Latitude 7440,1,125000,112500.0,22500.0,10,Cancelled
O09060,U0576,S03140,2025-08-30,P302,Dell Latitude 7440,2,250000,225000.0,45000.0,10,Failed
O09157,U0588,S03174,2025-09-04,P302,Dell Latitude 7440,1,125000,112500.0,22500.0,10,Cancelled
O09162,U0476,S03175,2025-08-29,P302,Dell Latitude 7440,1,125000,112500.0,22500.0,10,Completed
O09167,U0477,S03176,2025-08-29,P302,Dell Latitude 7440,1,125000,112500.0,22500.0,10,Cancelled
O09180,U0551,S03180,2025-09-23,P302,Dell Latitude 7440,1,125000,112500.0,22500.0,10,Completed
O09187,U0208,S03182,2025-09-16,P302,Dell Latitude 7440,1,125000,112500.0,22500.0,10,Completed
O09202,U0040,S03187,2025-08-29,P302,Dell Latitude 7440,2,250000,225000.0,45000.0,10,Completed
O09220,U0331,S03193,2025-09-07,P302,Dell Latitude 7440,1,125000,112500.0,22500.0,10,Completed
O09225,U0062,S03194,2025-09-22,P302,Dell Latitude 7440,2,250000,225000.0,45000.0,10,Completed
O09240,U0546,S03199,2025-09-23,P302,Dell Latitude 7440,1,125000,112500.0,22500.0,10,Completed
O09264,U0504,S03207,2025-09-21,P302,Dell Latitude 7440,1,125000,112500.0,22500.0,10,Completed
O09287,U0449,S03215,2025-08-31,P302,Dell Latitude 7440,2,250000,225000.0,45000.0,10,Completed
O09323,U0306,S03227,2025-09-09,P302,Dell Latitude 7440,2,250000,225000.0,45000.0,10,Completed
O09333,U0050,S03230,2025-08-29,P302,Dell Latitude 7440,2,250000,225000.0,45000.0,10,Completed
O09353,U0331,S03236,2025-09-15,P302,Dell Latitude 7440,1,125000,112500.0,22500.0,10,Completed
O09364,U0083,S03240,2025-08-30,P302,Dell Latitude 7440,2,250000,225000.0,45000.0,10,Completed
O09461,U0450,S03275,2025-10-18,P301,Dell Latitude 5440,2,170000,144500.0,24500.0,15,Cancelled
O09559,U0131,S03312,2025-10-12,P301,Dell Latitude 5440,2,170000,144500.0,24500.0,15,Completed
O09579,U0474,S03319,2025-10-20,P301,Dell Latitude 5440,1,85000,72250.0,12250.0,15,Completed
O09616,U0501,S03332,2025-10-06,P301,Dell Latitude 5440,2,170000,144500.0,24500.0,15,Completed
O09691,U0496,S03360,2025-10-07,P301,Dell Latitude 5440,2,170000,144500.0,24500.0,15,Completed
O09696,U0185,S03361,2025-09-29,P301,Dell Latitude 5440,2,170000,144500.0,24500.0,15,Completed
O09714,U0591,S03366,2025-10-02,P301,Dell Latitude 5440,1,85000,72250.0,12250.0,15,Completed
O09737,U0378,S03374,2025-10-02,P301,Dell Latitude 5440,1,85000,72250.0,12250.0,15,Completed
O09773,U0438,S03386,2025-09-28,P302,Dell Latitude 7440,1,125000,112500.0,22500.0,10,Completed
O09778,U0141,S03387,2025-10-15,P302,Dell Latitude 7440,2,250000,225000.0,45000.0,10,Failed
O09801,U0385,S03394,2025-09-28,P302,Dell Latitude 7440,2,250000,225000.0,45000.0,10,Completed
O09806,U0390,S03395,2025-10-21,P302,Dell Latitude 7440,1,125000,112500.0,22500.0,10,Completed
O09813,U0517,S03397,2025-09-30,P302,Dell Latitude 7440,1,125000,112500.0,22500.0,10,Completed
O09820,U0238,S03399,2025-10-16,P302,Dell Latitude 7440,1,125000,112500.0,22500.0,10,Completed
O09837,U0192,S03404,2025-10-07,P302,Dell Latitude 7440,1,125000,112500.0,22500.0,10,Completed
O09864,U0588,S03413,2025-10-11,P302,Dell Latitude 7440,1,125000,112500.0,22500.0,10,Completed
O09877,U0070,S03417,2025-10-10,P302,Dell Latitude 7440,2,250000,225000.0,45000.0,10,Cancelled
O09882,U0387,S03418,2025-09-29,P302,Dell Latitude 7440,2,250000,225000.0,45000.0,10,Completed
O09892,U0059,S03421,2025-10-06,P302,Dell Latitude 7440,2,250000,225000.0,45000.0,10,Completed
O09901,U0271,S03424,2025-10-11,P302,Dell Latitude 7440,2,250000,225000.0,45000.0,10,Completed
O09970,U0091,S03448,2025-09-30,P302,Dell Latitude 7440,1,125000,112500.0,22500.0,10,Completed
O09980,U0166,S03451,2025-10-04,P302,Dell Latitude 7440,1,125000,112500.0,22500.0,10,Completed
O10065,U0043,S03484,2025-10-20,P302,Dell Latitude 7440,1,125000,112500.0,22500.0,10,Cancelled
O10095,U0120,S03494,2025-10-12,P302,Dell Latitude 7440,2,250000,225000.0,45000.0,10,Completed
O10192,U0566,S03529,2025-10-07,P302,Dell Latitude 7440,2,250000,225000.0,45000.0,10,Completed
O10209,U0469,S03534,2025-10-05,P302,Dell Latitude 7440,2,250000,225000.0,45000.0,10,Cancelled
O10241,U0036,S03544,2025-10-03,P302,Dell Latitude 7440,1,125000,112500.0,22500.0,10,Completed
O10255,U0121,S03549,2025-10-04,P302,Dell Latitude 7440,1,125000,112500.0,22500.0,10,Completed
O10281,U0222,S03557,2025-10-08,P302,Dell Latitude 7440,2,250000,225000.0,45000.0,10,Completed
O10295,U0528,S03562,2025-10-05,P302,Dell Latitude 7440,2,250000,225000.0,45000.0,10,Completed
O10345,U0554,S03581,2025-10-22,P302,Dell Latitude 7440,2,250000,225000.0,45000.0,10,Completed
O10350,U0123,S03582,2025-09-28,P302,Dell Latitude 7440,1,125000,112500.0,22500.0,10,Completed
O10375,U0576,S03590,2025-10-05,P302,Dell Latitude 7440,2,250000,225000.0,45000.0,10,Completed
O10391,U0389,S03595,2025-10-20,P302,Dell Latitude 7440,1,125000,112500.0,22500.0,10,Cancelled
O10403,U0011,S03599,2025-10-07,P302,Dell Latitude 7440,1,125000,112500.0,22500.0,10,Cancelled
O10425,U0088,S03606,2025-10-29,P301,Dell Latitude 5440,1,85000,72250.0,12250.0,15,Completed
O10437,U0459,S03609,2025-11-08,P301,Dell Latitude 5440,2,170000,144500.0,24500.0,15,Completed
O10611,U0329,S03676,2025-11-19,P301,Dell Latitude 5440,2,170000,144500.0,24500.0,15,Failed
O10657,U0532,S03693,2025-11-19,P301,Dell Latitude 5440,2,170000,144500.0,24500.0,15,Completed
O10688,U0001,S03705,2025-11-19,P301,Dell Latitude 5440,2,170000,144500.0,24500.0,15,Completed
O10835,U0104,S03762,2025-11-11,P302,Dell Latitude 7440,1,125000,112500.0,22500.0,10,Completed
O10861,U0400,S03771,2025-10-29,P302,Dell Latitude 7440,1,125000,112500.0,22500.0,10,Cancelled
O10881,U0137,S03777,2025-11-18,P302,Dell Latitude 7440,1,125000,112500.0,22500.0,10,Completed
O10892,U0504,S03780,2025-11-09,P302,Dell Latitude 7440,1,125000,112500.0,22500.0,10,Completed
O10897,U0260,S03781,2025-11-03,P302,Dell Latitude 7440,2,250000,225000.0,45000.0,10,Completed
O10902,U0504,S03782,2025-11-08,P302,Dell Latitude 7440,1,125000,112500.0,22500.0,10,Completed
O10922,U0065,S03788,2025-11-03,P302,Dell Latitude 7440,2,250000,225000.0,45000.0,10,Completed
O10932,U0149,S03791,2025-10-31,P302,Dell Latitude 7440,1,125000,112500.0,22500.0,10,Completed
O10937,U0449,S03792,2025-11-19,P302,Dell Latitude 7440,2,250000,225000.0,45000.0,10,Completed
O10953,U0173,S03797,2025-10-29,P302,Dell Latitude 7440,1,125000,112500.0,22500.0,10,Completed
O10968,U0052,S03801,2025-11-01,P302,Dell Latitude 7440,2,250000,225000.0,45000.0,10,Completed
O10977,U0190,S03803,2025-11-20,P302,Dell Latitude 7440,1,125000,112500.0,22500.0,10,Completed
O10985,U0120,S03805,2025-10-28,P302,Dell Latitude 7440,2,250000,225000.0,45000.0,10,Completed
O11028,U0549,S03818,2025-10-31,P302,Dell Latitude 7440,1,125000,112500.0,22500.0,10,Cancelled
O11043,U0235,S03823,2025-11-13,P302,Dell Latitude 7440,2,250000,225000.0,45000.0,10,Completed
O11069,U0114,S03831,2025-11-20,P302,Dell Latitude 7440,1,125000,112500.0,22500.0,10,Completed
O11074,U0236,S03832,2025-11-12,P302,Dell Latitude 7440,2,250000,225000.0,45000.0,10,Completed
O11081,U0109,S03834,2025-11-01,P302,Dell Latitude 7440,1,125000,112500.0,22500.0,10,Completed
O11123,U0240,S03847,2025-11-15,P302,Dell Latitude 7440,1,125000,112500.0,22500.0,10,Cancelled
O11183,U0480,S03867,2025-11-11,P302,Dell Latitude 7440,1,125000,112500.0,22500.0,10,Completed
O11233,U0366,S03884,2025-11-22,P302,Dell Latitude 7440,2,250000,225000.0,45000.0,10,Completed
O11244,U0008,S03887,2025-11-08,P302,Dell Latitude 7440,1,125000,112500.0,22500.0,10,Completed
O11301,U0049,S03905,2025-11-12,P302,Dell Latitude 7440,1,125000,112500.0,22500.0,10,Completed
O11333,U0218,S03915,2025-11-04,P302,Dell Latitude 7440,1,125000,112500.0,22500.0,10,Failed
O11344,U0233,S03918,2025-11-07,P302,Dell Latitude 7440,1,125000,112500.0,22500.0,10,Completed
O11378,U0455,S03929,2025-10-30,P302,Dell Latitude 7440,2,250000,225000.0,45000.0,10,Completed
O11389,U0572,S03932,2025-10-28,P302,Dell Latitude 7440,1,125000,112500.0,22500.0,10,Completed
O11398,U0357,S03935,2025-11-14,P302,Dell Latitude 7440,1,125000,112500.0,22500.0,10,Completed
O11407,U0121,S03937,2025-10-31,P302,Dell Latitude 7440,1,125000,112500.0,22500.0,10,Completed
O11416,U0389,S03940,2025-11-04,P302,Dell Latitude 7440,2,250000,225000.0,45000.0,10,Completed
O11439,U0226,S03948,2025-11-05,P302,Dell Latitude 7440,1,125000,112500.0,22500.0,10,Failed
O11446,U0151,S03950,2025-11-20,P302,Dell Latitude 7440,1,125000,112500.0,22500.0,10,Completed
O11462,U0478,S03954,2025-11-10,P302,Dell Latitude 7440,1,125000,112500.0,22500.0,10,Completed
O11481,U0179,S03960,2025-11-08,P302,Dell Latitude 7440,2,250000,225000.0,45000.0,10,Completed
O11540,U0499,S03983,2025-12-01,P301,Dell Latitude 5440,1,85000,72250.0,12250.0,15,Completed
O11565,U0597,S03992,2025-12-05,P301,Dell Latitude 5440,1,85000,72250.0,12250.0,15,Completed
O11619,U0319,S04012,2025-12-13,P301,Dell Latitude 5440,2,170000,144500.0,24500.0,15,Completed
O11628,U0518,S04015,2025-12-06,P301,Dell Latitude 5440,1,85000,72250.0,12250.0,15,Completed
O11678,U0278,S04034,2025-11-27,P301,Dell Latitude 5440,2,170000,144500.0,24500.0,15,Completed
O11748,U0125,S04061,2025-12-05,P301,Dell Latitude 5440,1,85000,72250.0,12250.0,15,Failed
O11780,U0047,S04073,2025-11-27,P301,Dell Latitude 5440,2,170000,144500.0,24500.0,15,Completed
O11809,U0263,S04083,2025-12-15,P301,Dell Latitude 5440,1,85000,72250.0,12250.0,15,Completed
O11863,U0456,S04103,2025-12-17,P302,Dell Latitude 7440,2,250000,225000.0,45000.0,10,Completed
O11901,U0404,S04115,2025-12-08,P302,Dell Latitude 7440,2,250000,225000.0,45000.0,10,Completed
O11949,U0256,S04131,2025-12-15,P302,Dell Latitude 7440,1,125000,112500.0,22500.0,10,Completed
O11954,U0506,S04132,2025-12-10,P302,Dell Latitude 7440,1,125000,112500.0,22500.0,10,Cancelled
O11982,U0452,S04141,2025-11-29,P302,Dell Latitude 7440,2,250000,225000.0,45000.0,10,Completed
O11991,U0316,S04144,2025-12-03,P302,Dell Latitude 7440,2,250000,225000.0,45000.0,10,Completed
O12000,U0313,S04146,2025-12-03,P302,Dell Latitude 7440,2,250000,225000.0,45000.0,10,Completed
O12015,U0472,S04150,2025-12-18,P302,Dell Latitude 7440,2,250000,225000.0,45000.0,10,Completed
O12039,U0560,S04157,2025-12-15,P302,Dell Latitude 7440,2,250000,225000.0,45000.0,10,Completed
O12052,U0082,S04161,2025-12-07,P302,Dell Latitude 7440,2,250000,225000.0,45000.0,10,Completed
O12068,U0077,S04166,2025-12-19,P302,Dell Latitude 7440,2,250000,225000.0,45000.0,10,Completed
O12079,U0189,S04169,2025-12-19,P302,Dell Latitude 7440,1,125000,112500.0,22500.0,10,Completed
O12088,U0321,S04172,2025-12-18,P302,Dell Latitude 7440,1,125000,112500.0,22500.0,10,Completed
O12093,U0543,S04173,2025-12-09,P302,Dell Latitude 7440,2,250000,225000.0,45000.0,10,Completed
O12109,U0169,S04178,2025-12-11,P302,Dell Latitude 7440,1,125000,112500.0,22500.0,10,Completed
O12138,U0171,S04187,2025-12-18,P302,Dell Latitude 7440,1,125000,112500.0,22500.0,10,Cancelled
O12162,U0042,S04194,2025-11-29,P302,Dell Latitude 7440,1,125000,112500.0,22500.0,10,Completed
O12169,U0385,S04196,2025-12-06,P302,Dell Latitude 7440,1,125000,112500.0,22500.0,10,Cancelled
O12207,U0240,S04209,2025-12-12,P302,Dell Latitude 7440,2,250000,225000.0,45000.0,10,Failed
O12231,U0275,S04217,2025-11-30,P302,Dell Latitude 7440,2,250000,225000.0,45000.0,10,Completed
O12247,U0594,S04222,2025-12-01,P302,Dell Latitude 7440,1,125000,112500.0,22500.0,10,Completed
O12263,U0465,S04227,2025-12-15,P302,Dell Latitude 7440,1,125000,112500.0,22500.0,10,Completed
O12268,U0436,S04228,2025-12-09,P302,Dell Latitude 7440,2,250000,225000.0,45000.0,10,Completed
O12318,U0162,S04245,2025-12-20,P302,Dell Latitude 7440,1,125000,112500.0,22500.0,10,Completed
O12323,U0071,S04246,2025-12-08,P302,Dell Latitude 7440,1,125000,112500.0,22500.0,10,Completed
O12334,U0554,S04249,2025-12-08,P302,Dell Latitude 7440,1,125000,112500.0,22500.0,10,Completed
O12339,U0279,S04250,2025-11-30,P302,Dell Latitude 7440,1,125000,112500.0,22500.0,10,Completed
O12359,U0100,S04256,2025-12-09,P302,Dell Latitude 7440,2,250000,225000.0,45000.0,10,Completed
O12386,U0066,S04264,2025-12-02,P302,Dell Latitude 7440,2,250000,225000.0,45000.0,10,Completed
O12411,U0572,S04274,2025-12-17,P302,Dell Latitude 7440,2,250000,225000.0,45000.0,10,Completed
O12416,U0343,S04275,2025-12-01,P302,Dell Latitude 7440,2,250000,225000.0,45000.0,10,Failed
O12421,U0574,S04276,2025-12-11,P302,Dell Latitude 7440,1,125000,112500.0,22500.0,10,Completed
O12459,U0030,S04288,2025-11-29,P302,Dell Latitude 7440,2,250000,225000.0,45000.0,10,Completed
O12469,U0429,S04291,2025-12-02,P302,Dell Latitude 7440,1,125000,112500.0,22500.0,10,Completed
O12482,U0573,S04295,2025-12-18,P302,Dell Latitude 7440,1,125000,112500.0,22500.0,10,Completed
O12487,U0269,S04296,2025-11-30,P302,Dell Latitude 7440,1,125000,112500.0,22500.0,10,Completed
O12522,U0098,S04308,2025-12-06,P302,Dell Latitude 7440,2,250000,225000.0,45000.0,10,Completed
O12537,U0087,S04312,2025-12-21,P302,Dell Latitude 7440,1,125000,112500.0,22500.0,10,Completed
